{"Open":{"0":5543.3701171875},"High":{"0":5557.5},"Low":{"0":5497.0400390625},"Close":{"0":5505.0},"Volume":{"0":3760570000},"Dividends":{"0":0.0},"Stock Splits":{"0":0.0},"Date":{"0":1721361600000}}